x,y,Habitat,JunJul,DJF,AprMay
4881.,4131.,Ma,15.267,-0.71243,6.445
4939.,4135.,Ma,15.267,-0.71243,6.445
4877.,4141.,Ma,15.184,-1.0656,6.54595
4905.,4147.,Co,15.267,-0.71243,6.445
4973.,4143.,Ma,16.394,-2.536,7.3701
5051.,4149.,Co,15.823,-1.8409,6.58295
4879.,4153.,Ma,15.184,-1.0656,6.54595
4907.,4159.,Ma,15.267,-0.71243,6.445
5015.,4155.,Ma,16.09,-2.7169,7.1863
5053.,4151.,Co,15.823,-1.8409,6.58295
4841.,4167.,Ma,15.184,-1.0656,6.54595
4889.,4161.,Ma,15.267,-0.71243,6.445
4947.,4167.,Ma,15.726,-2.2315,6.6559
4985.,4163.,Ma,16.394,-2.536,7.3701
5023.,4169.,Co,16.09,-2.7169,7.1863
5061.,4165.,Co,15.899,-2.8434,6.93625
5099.,4169.,Ma,16.061,-3.0523,7.1206
4877.,4175.,Br,15.267,-0.71243,6.445
4945.,4171.,Ma,15.726,-2.2315,6.6559
4973.,4177.,Co,16.394,-2.536,7.3701
5011.,4173.,Ma,16.09,-2.7169,7.1863
5049.,4177.,Co,16.015,-2.7623,7.072
5087.,4173.,Ma,16.061,-3.0523,7.1206
4865.,4189.,Ma,15.184,-1.0656,6.54595
4913.,4185.,Ma,15.267,-0.71243,6.445
4951.,4181.,Co,15.726,-2.2315,6.6559
4989.,4185.,Ma,16.394,-2.536,7.3701
5027.,4181.,Co,16.09,-2.7169,7.1863
5055.,4187.,Urb,15.899,-2.8434,6.93625
5093.,4183.,Co,16.061,-3.0523,7.1206
5121.,4189.,Urb,16.194,-3.1537,7.1795
4959.,4193.,Ma,15.726,-2.2315,6.6559
4987.,4199.,Ma,16.394,-2.536,7.3701
5025.,4195.,Co,16.215,-3.3938,7.44115
5063.,4191.,Br,15.899,-2.8434,6.93625
5091.,4197.,Urb,16.192,-3.1682,7.23155
5139.,4191.,Ma,16.71,-2.867,7.79015
4947.,4207.,Urb,15.726,-2.2315,6.6559
4985.,4203.,Ma,16.394,-2.536,7.3701
5013.,4209.,Co,16.119,-3.2852,7.24525
5051.,4205.,Urb,16.108,-3.6718,7.3952
5089.,4209.,Br,15.999,-3.9345,7.395
5127.,4205.,Urb,16.256,-4.1273,7.48825
4935.,4211.,Ma,15.216,-2.0226,6.087
4963.,4217.,Ma,16.067,-2.4888,7.0998
5001.,4213.,Urb,16.183,-2.9895,7.2222
5039.,4217.,Co,16.222,-3.6043,7.51575
5077.,4213.,Br,15.973,-3.9595,7.28875
5105.,4219.,We,15.934,-4.2052,7.26915
5143.,4215.,Urb,16.71,-2.867,7.79015
5181.,4211.,Ma,16.617,-3.9417,7.62975
4949.,4225.,We,15.726,-2.2315,6.6559
4987.,4221.,Co,16.17,-3.1321,7.3996
5015.,4227.,Urb,16.055,-3.7514,7.37515
5053.,4223.,Urb,16.108,-3.6718,7.3952
5081.,4229.,Co,15.999,-3.9345,7.395
5129.,4223.,Br,16.256,-4.1273,7.48825
5157.,4229.,Br,16.765,-3.7575,7.8348
5195.,4225.,Ma,16.3,-3.6125,7.0807
4953.,4231.,Co,15.726,-2.2315,6.6559
4981.,4237.,Urb,16.17,-3.1321,7.3996
5029.,4231.,Urb,16.043,-3.8962,7.39805
5057.,4237.,Urb,15.964,-4.2045,7.3725
5095.,4233.,Br,15.727,-4.6203,7.1666
5123.,4239.,Co,16.256,-4.1273,7.48825
5161.,4235.,Urb,16.63,-3.6475,7.6157
5199.,4239.,Co,16.3,-3.6125,7.0807
4937.,4245.,Co,15.216,-2.0226,6.087
4975.,4241.,Co,15.752,-3.2677,7.0362
5003.,4247.,Co,15.866,-4.0266,7.31775
5041.,4243.,Urb,15.964,-4.2045,7.3725
5079.,4247.,Co,15.721,-4.5159,7.16595
5117.,4243.,Co,15.989,-4.6312,7.30335
5145.,4249.,Urb,16.378,-4.5235,7.6412
5183.,4245.,Co,16.3,-3.6125,7.0807
5221.,4241.,Ma,16.518,-4.3995,7.43275
4939.,4255.,Ma,15.216,-2.0226,6.087
4977.,4251.,Urb,15.752,-3.2677,7.0362
5005.,4257.,Urb,15.866,-4.0266,7.31775
5043.,4253.,Urb,15.738,-4.5064,7.2694
5071.,4259.,Urb,15.721,-4.5159,7.16595
5119.,4253.,Br,15.989,-4.6312,7.30335
5147.,4259.,Br,16.378,-4.5235,7.6412
5185.,4255.,Co,16.474,-4.4321,7.5405
5223.,4251.,Ma,16.518,-4.3995,7.43275
5251.,4257.,Ma,16.314,-4.3514,7.02505
4959.,4261.,Co,15.121,-2.5899,6.253
4987.,4267.,We,15.82,-3.7157,7.2202
5025.,4263.,Urb,15.864,-4.2987,7.3633
5053.,4269.,Urb,15.681,-4.6996,7.20235
5091.,4265.,Br,16.053,-4.7398,7.46675
5129.,4269.,Urb,16.04,-4.7265,7.38995
5167.,4265.,Urb,16.552,-4.388,7.67945
5205.,4261.,Co,16.418,-4.1769,7.3306
5233.,4267.,Br,16.466,-4.452,7.33475
5271.,4263.,Ma,16.194,-4.7929,6.9778
4959.,4277.,Co,15.365,-3.0627,6.63475
4997.,4273.,Co,15.876,-4.2409,7.41115
5025.,4279.,Urb,15.864,-4.2987,7.3633
5063.,4275.,Co,15.682,-4.8096,7.1727
5101.,4271.,Co,16.053,-4.7398,7.46675
5139.,4275.,Urb,15.966,-4.9983,7.3532
5177.,4271.,Br,16.552,-4.388,7.67945
5205.,4277.,Co,16.438,-4.2323,7.30615
5243.,4273.,Br,16.466,-4.452,7.33475
5271.,4279.,Co,16.078,-4.9296,6.89655
4949.,4283.,Op,15.121,-2.5899,6.253
4977.,4289.,Urb,15.593,-3.5375,7.01515
5015.,4285.,Urb,15.851,-4.4146,7.3806
5053.,4281.,Br,15.861,-4.8099,7.3409
5081.,4287.,Co,15.801,-4.8256,7.2553
5129.,4281.,Urb,15.915,-4.9962,7.31475
5157.,4287.,Urb,16.06,-5.0036,7.3801
5195.,4283.,Co,16.443,-5.0177,7.5438
5223.,4289.,Br,16.518,-4.3995,7.43275
5261.,4285.,Co,16.194,-4.7929,6.9778
4931.,4295.,Ma,15.342,-3.0449,6.66835
4969.,4299.,Co,15.797,-3.895,7.32455
5007.,4295.,Urb,15.851,-4.4146,7.3806
5045.,4291.,Urb,15.78,-4.6874,7.30065
5073.,4297.,Co,15.956,-4.9419,7.3541
5111.,4293.,Co,15.51,-5.4743,6.8208
5149.,4297.,Co,16.06,-5.0036,7.3801
5187.,4293.,Br,16.443,-5.0177,7.5438
5215.,4299.,Urb,16.728,-5.1777,7.72335
5253.,4295.,Co,16.194,-4.7929,6.9778
5291.,4291.,Co,16.222,-5.1121,7.01425
4961.,4301.,Urb,15.797,-3.895,7.32455
4999.,4305.,Urb,15.831,-4.4594,7.35415
5037.,4301.,Br,15.78,-4.6874,7.30065
5065.,4307.,We,15.913,-4.8785,7.35735
5103.,4303.,Urb,15.929,-5.0639,7.26185
5131.,4309.,Urb,15.203,-5.7276,6.5383
5179.,4303.,Urb,16.328,-5.0451,7.47725
5207.,4309.,Urb,16.596,-4.9605,7.65145
5245.,4305.,We,16.656,-5.3218,7.5229
5283.,4301.,Co,16.222,-5.1121,7.01425
4939.,4315.,Co,15.342,-3.0449,6.66835
4977.,4311.,Br,15.803,-4.2062,7.36205
5005.,4317.,Co,15.823,-4.6596,7.28345
5043.,4313.,Urb,15.934,-4.8366,7.2937
5071.,4319.,Br,15.924,-5.0151,7.17745
5119.,4313.,Co,15.51,-5.4743,6.8208
5147.,4319.,Br,15.489,-5.5353,6.60195
5185.,4315.,Co,16.512,-5.2856,7.53075
5223.,4311.,We,16.776,-5.2616,7.69405
5251.,4317.,Co,16.523,-5.3535,7.36085
5299.,4311.,Co,16.442,-5.5897,7.2571
4947.,4321.,Urb,15.414,-3.638,6.8024
4975.,4327.,Co,15.7,-4.3833,7.15795
5013.,4323.,Urb,15.838,-4.7399,7.2516
5041.,4329.,We,15.934,-4.8366,7.2937
5089.,4323.,Br,15.827,-5.1698,7.03325
5117.,4329.,Co,15.572,-5.5093,6.58415
5155.,4325.,Br,16.018,-5.2442,6.93765
5193.,4321.,Br,16.559,-5.3664,7.56825
5221.,4327.,Co,16.623,-5.6386,7.5176
5269.,4321.,Urb,16.475,-5.471,7.29605
5297.,4327.,Co,16.442,-5.5897,7.2571
4943.,4333.,Br,15.414,-3.638,6.8024
4971.,4339.,Co,15.7,-4.3833,7.15795
5019.,4333.,Urb,15.787,-4.9013,7.03555
5047.,4339.,Urb,15.934,-4.8366,7.2937
5085.,4335.,Co,15.827,-5.1698,7.03325
5123.,4331.,Br,15.527,-5.5946,6.2839
5151.,4337.,Br,16.134,-5.2103,6.5141
5199.,4331.,We,16.559,-5.3664,7.56825
5227.,4337.,Co,16.623,-5.6386,7.5176
5265.,4333.,Co,16.633,-5.8087,7.3012
5293.,4339.,Br,16.442,-5.5897,7.2571
4937.,4345.,Co,14.748,-2.9582,5.9706
4975.,4341.,Co,15.7,-4.3833,7.15795
5003.,4347.,Co,15.675,-4.9009,7.031
5041.,4343.,Urb,15.656,-5.0327,6.65875
5079.,4347.,We,15.482,-5.3607,6.59775
5117.,4343.,Br,15.572,-5.5093,6.58415
5145.,4349.,We,16.134,-5.2103,6.5141
5183.,4345.,We,16.219,-5.5247,6.988
5221.,4341.,Co,16.623,-5.6386,7.5176
5259.,4345.,Br,16.616,-5.764,7.37525
5297.,4341.,Br,16.61,-5.8351,7.09655
4925.,4353.,Ma,14.748,-2.9582,5.9706
4953.,4359.,Co,15.204,-4.3433,6.6017
4991.,4355.,Op,15.675,-4.9009,7.031
5029.,4359.,Co,15.722,-4.9653,6.8484
5067.,4355.,Co,15.482,-5.3607,6.59775
5105.,4351.,Br,15.665,-5.6368,6.5224
5133.,4357.,We,15.906,-5.3122,6.3859
5171.,4353.,Br,16.219,-5.5247,6.988
5209.,4357.,We,16.387,-5.7351,7.30345
5247.,4353.,Co,16.476,-6.0146,7.2132
5275.,4359.,Co,16.642,-5.8041,7.27855
5313.,4355.,Co,15.86,-6.2792,6.40605
4931.,4365.,Co,14.748,-2.9582,5.9706
4969.,4369.,Co,15.339,-4.7204,6.75945
5007.,4365.,We,15.332,-5.3091,6.6675
5045.,4361.,We,15.762,-4.9915,6.68545
5073.,4367.,Br,15.686,-5.3622,6.77915
5111.,4363.,Br,15.738,-5.5449,6.3168
5149.,4367.,Br,15.954,-5.3664,6.2134
5187.,4363.,Br,16.32,-5.6596,7.21925
5215.,4369.,Br,16.255,-5.9519,7.16685
5253.,4365.,Co,16.59,-6.0305,7.14675
5291.,4361.,We,16.267,-6.0057,6.52185
5329.,4365.,Co,15.886,-6.2681,6.53215
4931.,4379.,Co,14.555,-3.2406,5.78745
4979.,4373.,Br,15.339,-4.7204,6.75945
5007.,4379.,Co,15.332,-5.3091,6.6675
5045.,4375.,Br,15.241,-5.5204,6.5035
5083.,4371.,Urb,15.553,-5.9134,6.69415
5111.,4377.,Co,15.738,-5.5449,6.3168
5159.,4371.,Br,15.841,-5.6174,6.3905
5187.,4377.,Br,15.861,-5.9574,6.77625
5225.,4373.,Br,16.424,-5.9371,7.2688
5253.,4379.,Co,16.59,-6.0305,7.14675
5291.,4375.,We,16.459,-6.0737,6.48905
5329.,4379.,Br,15.818,-6.4924,6.3034
4937.,4385.,Co,14.652,-4.0656,5.9934
4975.,4381.,Br,14.883,-5.3098,6.36085
5003.,4387.,Co,15.332,-5.3091,6.6675
5041.,4383.,Co,15.241,-5.5204,6.5035
5079.,4387.,Co,15.217,-5.8342,6.52445
5117.,4383.,Co,15.884,-5.7711,6.7273
5145.,4389.,We,15.954,-5.3664,6.2134
5183.,4385.,We,15.861,-5.9574,6.77625
5221.,4381.,Co,15.891,-6.3885,6.86735
5259.,4385.,Br,16.266,-6.333,6.9989
5297.,4381.,We,16.459,-6.0737,6.48905
5325.,4387.,Co,15.818,-6.4924,6.3034
4919.,4397.,Urb,14.338,-2.5579,5.5198
4957.,4393.,Co,14.681,-4.8442,6.12835
4985.,4399.,Urb,14.883,-5.3098,6.36085
5023.,4395.,Co,14.764,-5.8103,6.23775
5061.,4391.,Co,15.107,-5.6768,6.4184
5099.,4395.,Br,15.771,-5.8859,6.7913
5137.,4391.,We,15.842,-5.7315,6.5131
5165.,4397.,Br,15.369,-6.282,6.5428
5203.,4393.,Br,15.844,-6.3244,6.85335
5231.,4399.,We,16.052,-6.366,6.9554
5279.,4393.,We,16.492,-6.3001,6.93845
5307.,4399.,Co,16.134,-6.3245,6.40215
5345.,4397.,Urb,15.515,-6.7,6.40225
4927.,4403.,Urb,14.761,-3.8759,5.9308
4955.,4409.,Co,14.681,-4.8442,6.12835
4993.,4405.,Co,14.871,-5.493,6.3441
5031.,4401.,Co,14.889,-5.8427,6.3477
5069.,4405.,Br,15.17,-5.9869,6.5159
5107.,4401.,Co,15.884,-5.7711,6.7273
5135.,4407.,We,15.842,-5.7315,6.5131
5173.,4403.,We,15.527,-6.2928,6.6919
5201.,4409.,We,15.622,-6.552,6.74465
5249.,4403.,Co,16.266,-6.333,6.9989
5277.,4409.,Br,16.492,-6.3001,6.93845
5315.,4405.,Co,16.051,-6.5143,6.6527
5353.,4409.,Co,15.664,-6.5455,6.5631
4927.,4415.,Co,14.761,-3.8759,5.9308
4965.,4411.,We,14.591,-5.4262,6.1296
4993.,4417.,Co,14.758,-5.7769,6.30115
5031.,4413.,Co,14.95,-5.8919,6.3757
5069.,4417.,We,15.17,-5.9869,6.5159
5107.,4413.,Co,15.61,-6.1283,6.68505
5135.,4419.,Br,15.585,-6.2243,6.5872
5173.,4415.,Co,15.527,-6.2928,6.6919
5211.,4411.,Co,15.611,-6.7072,6.70495
5249.,4415.,Co,15.767,-6.7549,6.7275
5287.,4411.,Br,16.439,-6.304,6.82945
5315.,4417.,We,16.051,-6.5143,6.6527
5351.,4415.,Br,15.658,-6.7473,6.44405
4917.,4421.,Co,14.761,-3.8759,5.9308
4945.,4427.,Urb,14.585,-5.0524,6.0593
4983.,4423.,Co,14.829,-5.6215,6.36905
5011.,4429.,We,14.706,-5.9078,6.2586
5059.,4423.,Co,14.667,-6.3637,6.03775
5087.,4429.,Co,15.355,-6.073,6.6149
5125.,4425.,Co,15.498,-6.2509,6.53115
5163.,4421.,Co,15.39,-6.5787,6.52705
5191.,4427.,We,15.622,-6.552,6.74465
5239.,4421.,Br,15.767,-6.7549,6.7275
5267.,4427.,Co,16.035,-6.693,6.58525
5305.,4423.,We,16.051,-6.5143,6.6527
5333.,4429.,We,15.717,-6.7436,6.4766
4891.,4435.,Ma,14.729,-3.4302,5.577
4929.,4439.,Co,14.786,-4.6611,6.0222
4967.,4435.,Co,14.729,-5.5348,6.2695
5005.,4431.,Co,14.706,-5.9078,6.2586
5033.,4437.,Br,14.68,-6.2443,6.10645
5071.,4433.,Co,14.803,-6.4511,6.1304
5109.,4437.,Co,14.967,-6.6493,6.1725
5147.,4433.,We,15.57,-6.2919,6.62995
5175.,4439.,We,15.37,-6.657,6.54145
5213.,4435.,We,15.634,-6.801,6.7225
5251.,4431.,Co,15.793,-6.8114,6.6775
5289.,4435.,Co,16.261,-6.5866,6.3916
5327.,4431.,Br,16.021,-6.7815,6.6262
5355.,4437.,Urb,15.642,-6.7505,6.3797
4905.,4449.,Co,14.856,-3.8403,5.8086
4943.,4445.,Co,14.643,-5.0872,5.98315
4981.,4441.,Op,14.981,-5.6753,6.487
5019.,4445.,Co,14.784,-6.1489,6.23185
5057.,4441.,Co,14.761,-6.3991,6.0978
5085.,4447.,Co,14.995,-6.4721,6.2699
5123.,4443.,Co,15.276,-6.6758,6.3232
5151.,4449.,Co,15.39,-6.5787,6.52705
5199.,4443.,Br,15.473,-6.7661,6.6141
5227.,4449.,Br,15.694,-6.8911,6.71895
5265.,4445.,We,16.099,-6.8127,6.44035
5303.,4441.,We,16.143,-6.6932,6.69345
5331.,4447.,We,16.032,-6.8027,6.51885
4881.,4455.,Ma,14.729,-3.4302,5.577
4919.,4459.,Op,15.129,-4.3417,6.1496
4957.,4455.,Urb,14.87,-5.3157,6.31825
4995.,4451.,Co,14.917,-5.8376,6.42025
5023.,4457.,Co,14.784,-6.1489,6.23185
5061.,4453.,Co,14.536,-6.6762,5.80875
5099.,4457.,Co,14.967,-6.6493,6.1725
5137.,4453.,Urb,15.456,-6.6051,6.49325
5165.,4459.,We,15.523,-6.7685,6.5721
5203.,4455.,Co,15.634,-6.801,6.7225
5241.,4451.,Co,15.917,-6.919,6.63745
5279.,4455.,We,16.293,-6.7016,6.18955
5317.,4451.,Br,16.021,-6.7815,6.6262
5345.,4457.,We,15.886,-6.8857,6.36915
4895.,4463.,Br,14.99,-4.0289,5.8404
4923.,4469.,Co,15.114,-4.666,6.2792
4961.,4465.,Urb,15.296,-5.3322,6.68805
4999.,4469.,Co,14.917,-5.8376,6.42025
5037.,4465.,Co,14.649,-6.4158,5.9996
5075.,4461.,Co,14.575,-6.706,5.85855
5103.,4467.,Co,15.224,-6.7074,6.314
5141.,4463.,We,15.551,-6.6422,6.6004
5179.,4467.,Co,15.413,-6.9214,6.4685
5217.,4463.,Co,15.852,-6.8731,6.7265
5245.,4469.,We,15.917,-6.919,6.63745
5283.,4465.,We,16.485,-6.6381,5.85115
5321.,4461.,Co,16.128,-7.0327,6.01895
5359.,4465.,We,15.717,-6.9706,6.2603
4875.,4477.,Ma,14.729,-3.4302,5.577
4913.,4473.,Urb,15.129,-4.3417,6.1496
4941.,4479.,Urb,15.166,-5.1495,6.51765
4989.,4473.,We,15.149,-5.8065,6.5737
5017.,4479.,Co,14.937,-6.1754,6.31275
5055.,4475.,Co,14.536,-6.6762,5.80875
5093.,4471.,Co,14.91,-6.7371,6.1067
5121.,4477.,Co,15.358,-6.7437,6.39165
5169.,4471.,We,15.523,-6.7685,6.5721
5197.,4477.,Br,15.726,-6.8766,6.6563
5235.,4473.,Br,16.319,-6.7313,6.75665
5263.,4479.,We,16.198,-6.9179,6.02605
5301.,4475.,Co,16.108,-7.0363,5.9134
5339.,4479.,Br,15.915,-7.1252,6.02895
5377.,4477.,Co,15.539,-6.9508,6.17415
4917.,4483.,Urb,15.317,-4.1213,6.3404
4945.,4489.,Urb,15.166,-5.1495,6.51765
4983.,4485.,Co,15.149,-5.8065,6.5737
5021.,4481.,Co,14.791,-6.3861,6.11245
5059.,4485.,Co,14.636,-6.7412,5.84025
5097.,4481.,Br,14.91,-6.7371,6.1067
5125.,4487.,Co,15.377,-6.8063,6.391
5163.,4483.,Co,15.521,-6.9489,6.47835
5191.,4489.,Co,15.718,-6.9927,6.4706
5239.,4483.,We,16.319,-6.7313,6.75665
5267.,4489.,Co,16.198,-6.9179,6.02605
5305.,4485.,Co,16.146,-7.1819,5.5603
5343.,4481.,Br,15.748,-7.284,5.9773
5371.,4487.,Br,15.303,-7.534,6.03345
4915.,4491.,Urb,15.208,-4.4559,6.3452
4943.,4497.,Urb,15.102,-4.8748,6.35405
4981.,4493.,Urb,15.149,-5.8065,6.5737
5019.,4497.,Co,14.937,-6.1754,6.31275
5057.,4493.,Co,14.636,-6.7412,5.84025
5085.,4499.,Co,15.033,-6.7736,6.1288
5123.,4495.,Urb,15.377,-6.8063,6.391
5161.,4491.,We,15.521,-6.9489,6.47835
5199.,4495.,Br,15.718,-6.9927,6.4706
5237.,4491.,Br,16.23,-6.8746,6.4001
5265.,4497.,Br,16.198,-6.9179,6.02605
5303.,4493.,Br,16.146,-7.1819,5.5603
5331.,4499.,We,16.122,-7.2962,5.52365
5379.,4493.,Br,15.303,-7.534,6.03345
4899.,4505.,Ma,15.317,-4.1213,6.3404
4937.,4501.,Urb,15.134,-4.6279,6.32245
4965.,4507.,Urb,15.241,-5.4327,6.5884
5003.,4503.,Co,15.073,-6.1687,6.3968
5031.,4509.,Co,14.662,-6.5998,5.9139
5079.,4503.,Co,14.904,-6.7439,6.0544
5107.,4509.,Co,15.185,-6.7866,6.2294
5145.,4505.,Co,15.39,-6.9835,6.32835
5183.,4501.,We,15.62,-7.0089,6.47595
5211.,4507.,Co,16.122,-6.8478,6.56125
5259.,4501.,Br,16.111,-7.1588,5.94
5287.,4507.,Br,16.209,-7.0394,5.6853
5325.,4503.,We,16.122,-7.2962,5.52365
5353.,4509.,Co,15.583,-7.7025,5.70995
4871.,4517.,Ma,14.99,-4.0289,5.8404
4919.,4511.,Br,15.208,-4.4559,6.3452
4947.,4517.,Br,15.102,-4.8748,6.35405
4985.,4513.,Co,15.219,-5.7875,6.5859
5013.,4519.,We,14.88,-6.3941,6.1662
5051.,4515.,Co,14.583,-6.9073,5.74
5089.,4519.,Co,15.033,-6.7736,6.1288
5127.,4515.,We,15.557,-6.7908,6.47825
5165.,4511.,Br,15.339,-7.1545,6.2515
5193.,4517.,Br,15.655,-7.1107,6.3714
5231.,4513.,Br,16.23,-6.8746,6.4001
5269.,4517.,Co,16.121,-7.2577,5.86305
5307.,4513.,We,16.141,-7.4448,5.8197
5335.,4519.,Br,15.878,-7.4927,5.5902
5373.,4515.,Co,15.287,-7.9697,5.8372
4885.,4527.,Ma,15.317,-4.1213,6.3404
4923.,4523.,Ma,15.134,-4.6279,6.32245
4951.,4529.,Urb,14.62,-4.8232,5.8038
4999.,4523.,Co,15.04,-6.0475,6.39145
5027.,4529.,Co,14.661,-6.6082,5.9104
5065.,4525.,Co,14.775,-6.9087,5.8847
5103.,4521.,We,15.521,-6.7669,6.43335
5131.,4527.,Br,15.39,-6.9835,6.32835
5179.,4521.,Br,15.53,-7.1106,6.36835
5207.,4527.,Co,15.856,-7.0705,6.4203
5245.,4523.,We,16.216,-6.9793,6.19735
5273.,4529.,Br,16.078,-7.3409,5.7661
5311.,4525.,Br,16.084,-7.4807,5.6417
5349.,4529.,Co,15.583,-7.7025,5.70995
5387.,4525.,Br,15.2,-8.0584,5.7504
4921.,4535.,Ma,14.604,-4.4761,5.72425
4959.,4539.,Br,14.62,-4.8232,5.8038
4997.,4535.,Co,14.923,-6.0956,6.19835
5035.,4531.,Co,14.447,-6.8447,5.67735
5063.,4537.,Co,14.775,-6.9087,5.8847
5101.,4533.,Br,15.521,-6.7669,6.43335
5139.,4537.,Co,15.306,-7.088,6.1823
5177.,4533.,Br,15.53,-7.1106,6.36835
5205.,4539.,We,16.117,-6.9325,6.50825
5243.,4535.,Co,15.9,-7.4218,5.87175
5281.,4531.,Co,16.082,-7.3967,5.71015
5319.,4535.,Urb,16.084,-7.4807,5.6417
5357.,4531.,Co,15.446,-8.0628,5.7282
5385.,4537.,Co,15.2,-8.0584,5.7504
4955.,4543.,Co,14.62,-4.8232,5.8038
4983.,4549.,Co,14.923,-6.0956,6.19835
5021.,4545.,Op,14.592,-6.6894,5.8408
5059.,4549.,Co,14.447,-6.9744,5.6405
5097.,4545.,Co,15.223,-6.8534,6.21145
5135.,4541.,Co,15.306,-7.088,6.1823
5163.,4547.,Br,15.406,-7.3135,6.1655
5201.,4543.,We,15.902,-7.3216,6.3185
5239.,4547.,Co,16.099,-7.2296,6.0683
5277.,4543.,Br,15.61,-7.7778,5.7062
5305.,4549.,Br,15.641,-7.8889,5.93785
5343.,4545.,Co,15.448,-7.9916,5.6618
5381.,4541.,Co,15.341,-8.2867,5.6854
4949.,4553.,Br,13.879,-4.2816,4.94645
4977.,4559.,Co,14.693,-5.5087,5.78805
5015.,4555.,We,14.762,-6.5021,6.0205
5053.,4551.,Co,14.447,-6.9744,5.6405
5081.,4557.,Co,14.857,-7.1487,5.9237
5129.,4551.,Co,14.932,-7.351,5.8939
5157.,4557.,Br,15.397,-7.2364,6.22305
5195.,4553.,Co,15.8,-7.3051,6.3404
5223.,4559.,We,15.598,-7.7242,5.89845
5261.,4555.,Br,15.61,-7.7778,5.7062
5299.,4559.,Urb,15.641,-7.8889,5.93785
5337.,4555.,Br,15.4,-8.1169,5.8035
5375.,4551.,Co,15.341,-8.2867,5.6854
4941.,4565.,Ma,13.879,-4.2816,4.94645
4979.,4569.,Urb,14.693,-5.5087,5.78805
5017.,4565.,Br,14.431,-6.7892,5.665
5055.,4561.,Co,14.603,-7.0525,5.7574
5083.,4567.,Co,14.857,-7.1487,5.9237
5121.,4563.,Co,14.932,-7.351,5.8939
5159.,4567.,Br,15.218,-7.4099,6.0563
5197.,4563.,Urb,15.8,-7.3051,6.3404
5225.,4569.,Br,15.598,-7.7242,5.89845
5263.,4565.,Co,15.015,-8.2668,5.43845
5301.,4561.,We,15.701,-7.877,6.03435
5339.,4565.,Br,15.4,-8.1169,5.8035
5377.,4561.,Co,15.255,-8.3794,5.6825
4949.,4573.,Urb,13.879,-4.2816,4.94645
4977.,4579.,Urb,14.911,-6.013,6.06895
5015.,4575.,We,14.431,-6.7892,5.665
5053.,4571.,We,14.463,-7.1706,5.67605
5081.,4577.,Co,14.452,-7.4629,5.61965
5129.,4571.,Co,14.932,-7.351,5.8939
5157.,4577.,Co,15.142,-7.5593,5.90075
5195.,4573.,Br,15.281,-7.764,5.83905
5223.,4579.,We,15.598,-7.7242,5.89845
5261.,4575.,Co,15.015,-8.2668,5.43845
5299.,4579.,Br,14.972,-8.3662,5.49255
5337.,4575.,Co,15.4,-8.1169,5.8035
5375.,4571.,Co,15.255,-8.3794,5.6825
4947.,4583.,Co,13.879,-4.2816,4.94645
4975.,4589.,Co,14.799,-5.488,5.84195
5013.,4585.,Co,14.431,-6.7892,5.665
5051.,4581.,Br,14.463,-7.1706,5.67605
5089.,4585.,Co,14.452,-7.4629,5.61965
5127.,4581.,We,14.516,-7.6637,5.5545
5155.,4587.,Br,15.142,-7.5593,5.90075
5193.,4583.,Br,15.281,-7.764,5.83905
5221.,4589.,Co,15.236,-8.009,5.709
5269.,4583.,Co,15.015,-8.2668,5.43845
5297.,4589.,Br,15.098,-8.3483,5.61015
5335.,4585.,Co,14.819,-8.5458,5.3655
5373.,4581.,Co,15.159,-8.4413,5.591
4951.,4593.,Ma,14.563,-4.9774,5.51715
4989.,4597.,Co,14.516,-5.6509,5.52495
5027.,4593.,Br,14.354,-6.904,5.55555
5055.,4599.,Co,14.495,-7.2815,5.69575
5093.,4595.,Br,14.36,-7.5867,5.50165
5131.,4591.,Br,14.777,-7.5971,5.758
5169.,4595.,Urb,15.181,-7.6032,5.99895
5207.,4591.,Br,15.332,-7.8272,5.83045
5235.,4597.,Co,15.023,-8.2529,5.5086
5273.,4593.,Co,14.807,-8.5798,5.36695
5301.,4599.,We,15.229,-8.2656,5.70165
5349.,4593.,Co,14.932,-8.4922,5.4933
5377.,4599.,Co,14.819,-8.5682,5.4397
4977.,4603.,Co,14.799,-5.488,5.84195
5005.,4609.,Urb,14.308,-6.0796,5.3611
5043.,4605.,Co,14.495,-7.2815,5.69575
5081.,4601.,Co,14.437,-7.6356,5.52665
5119.,4605.,Co,14.516,-7.6637,5.5545
5157.,4601.,We,15.056,-7.5848,5.9161
5185.,4607.,Br,15.063,-7.9315,5.7187
5223.,4603.,Br,15.023,-8.2529,5.5086
5251.,4609.,Co,14.665,-8.6243,5.2078
5299.,4603.,We,14.951,-8.5637,5.44725
5327.,4609.,Co,15.059,-8.3941,5.5526
5365.,4605.,Co,15.023,-8.4543,5.60135
4981.,4611.,Co,14.516,-5.6509,5.52495
5019.,4615.,Urb,13.934,-5.761,4.8138
5057.,4611.,Urb,14.653,-7.3619,5.78205
5085.,4617.,Urb,14.437,-7.6356,5.52665
5123.,4613.,Urb,14.723,-7.7617,5.6772
5151.,4619.,Urb,15.056,-7.5848,5.9161
5199.,4613.,Co,15.012,-8.0892,5.61115
5227.,4619.,Co,14.704,-8.471,5.2266
5265.,4615.,We,14.807,-8.5798,5.36695
5303.,4611.,Br,15.057,-8.472,5.49375
5331.,4617.,Co,14.913,-8.639,5.3258
5379.,4611.,Co,14.819,-8.5682,5.4397
5001.,4629.,Co,13.934,-5.761,4.8138
5049.,4623.,Br,14.593,-7.2201,5.66415
5077.,4629.,Br,14.611,-7.4847,5.6924
5115.,4625.,Co,14.668,-7.7407,5.64945
5153.,4621.,Co,14.698,-7.8987,5.5573
5181.,4627.,Co,15.063,-7.9315,5.7187
5229.,4621.,Br,14.704,-8.471,5.2266
5257.,4627.,Co,14.971,-8.5716,5.41585
5295.,4623.,Br,15.057,-8.472,5.49375
5323.,4629.,Co,14.913,-8.639,5.3258
5363.,4625.,Op,14.878,-8.7084,5.2854
5017.,4633.,Urb,14.164,-6.2936,5.1448
5045.,4639.,Co,14.593,-7.2201,5.66415
5083.,4635.,Br,14.906,-7.5349,5.7113
5121.,4631.,Co,14.723,-7.7617,5.6772
5159.,4635.,Br,14.698,-7.8987,5.5573
5197.,4631.,Co,14.789,-8.2233,5.41525
5225.,4637.,Co,14.704,-8.471,5.2266
5263.,4633.,Co,14.885,-8.7076,5.3134
5291.,4639.,Co,14.833,-8.849,5.17055
5331.,4635.,Co,14.896,-8.6837,5.303
5023.,4641.,Co,14.44,-6.9489,5.54405
5051.,4647.,Co,14.706,-7.3804,5.64675
5099.,4641.,Co,14.817,-7.6608,5.6658
5127.,4647.,Co,14.572,-8.0946,5.42265
5165.,4643.,Co,14.809,-7.916,5.6135
5193.,4649.,Co,14.789,-8.2233,5.41525
5231.,4645.,Co,14.716,-8.6857,5.1586
5269.,4649.,Co,14.621,-8.9137,5.0386
5307.,4645.,Co,14.909,-8.8249,5.201
5019.,4651.,Urb,13.879,-5.5308,4.5993
5047.,4657.,Br,14.648,-7.2926,5.54975
5085.,4653.,Co,14.817,-7.6608,5.6658
5113.,4659.,Co,14.65,-7.9633,5.53375
5151.,4655.,Co,14.773,-8.1761,5.48115
5189.,4659.,Co,14.56,-8.4562,5.1102
5227.,4655.,Co,14.716,-8.6857,5.1586
5265.,4651.,Co,14.589,-9.0164,4.9482
5293.,4657.,Co,14.833,-8.849,5.17055
5017.,4667.,Br,13.879,-5.5308,4.5993
5055.,4663.,Urb,14.767,-7.4917,5.64185
5083.,4669.,Co,14.842,-7.7815,5.7003
5121.,4665.,Co,14.572,-8.0946,5.42265
5159.,4669.,Co,14.773,-8.1761,5.48115
5197.,4665.,Co,14.616,-8.553,5.0946
5235.,4661.,Co,14.621,-8.8489,5.02585
5263.,4667.,Co,14.589,-9.0164,4.9482
5301.,4665.,Co,14.492,-9.286,4.676415
5031.,4671.,We,14.389,-6.8991,5.27925
5069.,4675.,We,14.852,-7.6353,5.7075
5107.,4671.,Co,14.608,-8.1559,5.4835
5135.,4677.,We,14.616,-8.308,5.36235
5173.,4673.,Co,14.704,-8.3369,5.28895
5201.,4679.,Urb,14.605,-8.6573,5.05145
5249.,4673.,Co,14.663,-9.0422,4.9874
5277.,4679.,Co,14.453,-9.1762,4.7726
5005.,4685.,Ma,13.879,-5.5308,4.5993
5043.,4681.,Co,14.527,-7.0252,5.4299
5071.,4687.,Br,14.77,-7.914,5.5756
5119.,4681.,Co,14.569,-8.2538,5.40605
5147.,4687.,We,14.7,-8.3936,5.32
5185.,4683.,Co,14.633,-8.6164,5.04375
5213.,4689.,Co,14.655,-8.7735,5.0547
5251.,4685.,Co,14.639,-9.1428,4.93865
5289.,4689.,Co,14.562,-9.3334,4.77415
5017.,4693.,Urb,14.229,-6.0097,4.8203
5045.,4699.,We,14.527,-7.0252,5.4299
5083.,4695.,We,14.642,-8.1125,5.4367
5121.,4691.,Br,14.616,-8.308,5.36235
5159.,4695.,We,14.614,-8.5327,5.12355
5197.,4691.,Co,14.394,-8.7613,4.7878
5225.,4697.,Co,14.196,-9.1426,4.519985
5263.,4693.,We,14.595,-9.2583,4.8501
5291.,4699.,Co,14.429,-9.4446,4.59633
5029.,4709.,Co,14.283,-6.6136,5.0462
5067.,4705.,Br,14.876,-7.6414,5.71565
5105.,4701.,Co,14.534,-8.2814,5.26795
5133.,4707.,Co,14.457,-8.5378,5.0323
5171.,4703.,Br,14.633,-8.6164,5.04375
5209.,4707.,Co,14.344,-8.8589,4.72045
5247.,4703.,Co,14.357,-9.3387,4.612145
5275.,4709.,Co,14.562,-9.3334,4.77415
5019.,4711.,Urb,14.229,-6.0097,4.8203
5047.,4717.,Urb,14.69,-7.0608,5.32115
5085.,4713.,Co,14.642,-8.1125,5.4367
5113.,4719.,We,14.47,-8.4018,5.16435
5151.,4715.,Co,14.201,-8.7163,4.6507
5189.,4719.,Co,14.014,-8.8623,4.400985
5227.,4715.,We,14.196,-9.1426,4.519985
5265.,4711.,We,14.344,-9.4544,4.55689
5293.,4717.,Co,14.159,-9.7147,4.24044
5025.,4725.,Ma,14.69,-7.0608,5.32115
5063.,4721.,Co,14.911,-7.6672,5.3905
5091.,4727.,We,14.688,-8.1806,5.0615
5139.,4721.,Co,14.457,-8.5378,5.0323
5167.,4727.,Br,14.158,-8.7657,4.56785
5205.,4723.,Br,14.095,-9.1789,4.39949
5233.,4729.,Co,14.336,-9.2127,4.63135
5271.,4725.,Co,14.318,-9.5531,4.492265
5021.,4731.,Ma,14.69,-7.0608,5.32115
5059.,4735.,Co,14.942,-7.3682,5.36645
5097.,4731.,Co,14.688,-8.1806,5.0615
5125.,4737.,Co,14.393,-8.6751,4.80365
5163.,4733.,Op,14.158,-8.7657,4.56785
5191.,4739.,Co,14.176,-9.0057,4.510475
5239.,4733.,Op,14.098,-9.4495,4.32548
5267.,4739.,Op,13.996,-9.742,4.122355
5057.,4747.,Co,14.754,-7.1996,4.45555
5095.,4743.,Co,14.688,-8.1806,5.0615
5123.,4749.,Co,14.393,-8.6751,4.80365
5161.,4745.,Op,13.899,-9.0163,4.25474
5199.,4749.,Co,13.886,-9.4247,4.14528
5237.,4745.,Co,14.027,-9.5667,4.22484
5271.,4743.,Co,13.99,-9.7905,4.086425
5069.,4753.,Op,14.726,-7.5462,4.593465
5097.,4759.,Br,14.581,-8.4204,4.7483
5135.,4755.,Co,14.287,-8.8186,4.65525
5173.,4751.,Op,13.79,-9.0886,4.135615
5201.,4757.,Co,13.846,-9.615,4.056345
5249.,4751.,Co,14.061,-9.6592,4.21362
5003.,4763.,Ma,14.367,-7.8396,3.944115
5041.,4769.,Co,14.518,-7.7094,4.203785
5089.,4763.,Co,14.561,-8.192,4.62621
5117.,4769.,We,14.531,-8.6648,4.7334
5155.,4765.,Co,13.957,-9.3991,4.202145
5193.,4761.,Co,13.886,-9.4247,4.14528
5221.,4767.,Br,13.867,-9.7332,4.02751
5261.,4765.,Co,13.954,-9.9094,3.97235
5031.,4771.,Co,14.552,-7.4454,4.1586
5069.,4775.,Co,14.452,-8.2255,4.32958
5107.,4771.,Co,14.531,-8.6648,4.7334
5135.,4777.,Co,14.318,-9.0916,4.53733
5173.,4773.,Op,13.772,-9.7128,3.96922
5201.,4779.,Co,13.846,-9.615,4.056345
5241.,4777.,Op,13.858,-9.8933,3.926605
5055.,4785.,Op,14.546,-7.9514,4.32183
5093.,4781.,Co,14.489,-8.7158,4.504775
5121.,4787.,We,14.325,-9.3324,4.45359
5169.,4781.,Op,13.948,-9.5788,4.162425
5197.,4787.,Op,13.55,-9.8561,3.722725
5235.,4783.,Op,13.648,-10.069,3.6744115
5003.,4799.,Ma,14.367,-7.8396,3.944115
5041.,4795.,Br,14.243,-8.2921,4.0147
5079.,4799.,Co,14.471,-8.5174,4.418715
5117.,4795.,We,14.46,-9.0813,4.565555
5155.,4791.,Br,14.024,-9.7238,4.18677
5183.,4797.,Co,13.55,-9.8561,3.722725
5221.,4793.,Co,13.707,-10.029,3.75931
4987.,4803.,Ma,14.161,-8.432,4.24632
5015.,4809.,Br,14.367,-7.8396,3.944115
5053.,4805.,Br,14.227,-8.5313,4.083455
5091.,4801.,Co,14.191,-9.3173,4.25792
5129.,4805.,Co,14.325,-9.3324,4.45359
5167.,4801.,Co,13.787,-9.9471,3.93952
5195.,4807.,Co,13.484,-10.195,3.5254145
5233.,4803.,Co,13.648,-10.069,3.6744115
4997.,4811.,Br,14.175,-8.5431,4.244205
5025.,4817.,Co,14.315,-8.0162,3.98518
5063.,4813.,We,14.281,-8.721,4.204585
5091.,4819.,Co,14.191,-9.3173,4.25792
5139.,4813.,Co,13.784,-9.8951,3.89471
5167.,4819.,Co,13.613,-10.103,3.74296
5205.,4815.,Co,13.518,-10.235,3.501326
4969.,4825.,Br,14.269,-8.3313,4.334835
5007.,4821.,Op,14.097,-8.5982,4.02065
5035.,4827.,Co,14.126,-8.8321,4.092645
5073.,4823.,Co,14.18,-9.0028,4.18123
5101.,4829.,Co,14.283,-9.451,4.36463
5149.,4823.,Co,13.585,-10.066,3.7029935
5177.,4829.,Co,13.556,-10.337,3.568216
5215.,4825.,Co,13.639,-10.219,3.591137
4973.,4833.,Br,14.018,-9.2243,4.234425
5001.,4839.,We,14.097,-8.5982,4.02065
5049.,4833.,Op,14.045,-8.9587,4.03659
5077.,4839.,We,13.85,-9.4937,3.95736
5115.,4835.,Co,14.004,-9.7151,4.102065
5153.,4831.,Co,13.648,-10.216,3.75731
5181.,4837.,Co,13.507,-10.332,3.471555
5229.,4831.,Co,13.655,-10.215,3.5810175
4979.,4847.,Br,14.018,-9.2243,4.234425
5017.,4843.,Br,14.262,-9.1697,4.394575
5045.,4849.,Br,14.045,-8.9587,4.03659
5083.,4845.,Co,13.829,-9.6481,3.934835
5121.,4841.,Co,13.396,-10.065,3.4716695
5159.,4845.,Co,13.61,-10.32,3.671592
5197.,4841.,Co,13.441,-10.373,3.332
5225.,4847.,Co,13.357,-10.388,3.187885
4977.,4851.,Br,14.124,-9.1784,4.330435
5005.,4857.,Br,14.296,-9.0937,4.426715
5043.,4853.,Br,13.83,-9.4673,3.955075
5071.,4859.,Co,13.85,-9.4937,3.95736
5119.,4853.,Co,13.396,-10.065,3.4716695
5147.,4859.,Urb,13.391,-10.251,3.406595
5185.,4855.,Co,13.507,-10.332,3.471555
5223.,4851.,Co,13.409,-10.382,3.220265
4965.,4861.,We,13.893,-9.9154,4.170925
4993.,4867.,Br,14.296,-9.0937,4.426715
5031.,4863.,Br,13.977,-9.3273,4.09749
5069.,4867.,Co,13.662,-9.772,3.789745
5107.,4863.,Co,13.586,-10.015,3.671625
5135.,4869.,Co,13.312,-10.166,3.364215
5173.,4865.,Co,13.192,-10.363,3.023645
5211.,4861.,Co,13.357,-10.388,3.187885
4937.,4877.,Br,13.838,-10.111,4.115925
4977.,4873.,Op,13.78,-9.8274,4.05256
5005.,4879.,Br,14.332,-9.3011,4.5309
5043.,4875.,Br,13.83,-9.4673,3.955075
5081.,4871.,Co,13.652,-9.8643,3.772305
5119.,4875.,Co,13.245,-10.109,3.31767
5157.,4871.,Co,13.428,-10.311,3.371605
5185.,4877.,Co,13.222,-10.434,2.96607
5223.,4873.,Co,13.122,-10.516,2.86546
4957.,4887.,Br,13.858,-9.981,4.127115
4995.,4883.,Br,14.171,-9.4044,4.39023
5023.,4889.,Co,14.07,-9.5544,4.208685
5061.,4885.,Co,13.568,-10.052,3.680535
5099.,4889.,Co,13.586,-10.015,3.671625
5137.,4885.,We,13.284,-10.246,3.27728
5175.,4881.,Co,13.123,-10.434,2.94643
5203.,4887.,Co,13.22,-10.502,2.95213
4959.,4891.,We,13.798,-10.305,4.09123
4987.,4897.,We,13.761,-10.111,4.03614
5025.,4893.,Co,14.07,-9.5544,4.208685
5053.,4899.,Co,13.736,-9.9018,3.85616
5091.,4895.,Co,13.419,-10.188,3.499835485
5129.,4899.,We,13.143,-10.165,3.19036
5167.,4895.,Co,13.123,-10.434,2.94643
5205.,4891.,We,12.951,-10.694,2.67812
4947.,4907.,Br,13.63,-10.376,3.946435
4985.,4903.,Co,13.761,-10.111,4.03614
5013.,4909.,Co,14.107,-9.6473,4.318495
5051.,4905.,Co,13.568,-10.052,3.680535
5089.,4909.,Co,13.54,-10.159,3.63433
5127.,4905.,Co,13.253,-10.374,3.280595
5165.,4901.,We,13.123,-10.434,2.94643
5193.,4907.,Co,12.951,-10.694,2.67812
4959.,4913.,Co,13.538,-10.549,3.834915
4987.,4919.,Co,13.729,-9.8931,3.99226
5025.,4915.,Co,13.89,-9.7995,4.047345
5063.,4911.,Co,13.299,-10.346,3.4295645
5091.,4917.,We,13.419,-10.188,3.499835485
5139.,4911.,Co,13.105,-10.494,3.11899
5167.,4917.,Co,13.021,-10.79,2.943785
5205.,4913.,Op,12.916,-10.709,2.65122
4963.,4921.,Co,13.481,-10.463,3.76193
4991.,4927.,Co,13.793,-10.21,4.01276
5039.,4921.,Co,13.597,-10.137,3.71134
5067.,4927.,Co,13.299,-10.346,3.4295645
5105.,4923.,Co,13.438,-10.439,3.5492015
5133.,4929.,Co,13.105,-10.494,3.11899
5171.,4925.,Co,13.053,-11.025,2.913575
4935.,4933.,Co,13.479,-10.63,3.797075
4963.,4939.,Co,13.481,-10.463,3.76193
5001.,4935.,Co,13.623,-10.258,3.817115
5039.,4939.,Co,13.29,-10.387,3.4254595
5077.,4935.,Co,13.354,-10.38,3.481063
5115.,4931.,Co,13.492,-10.478,3.59152
5143.,4937.,Op,12.736,-10.726,2.86891
5181.,4933.,We,12.881,-11.176,2.72823
4937.,4949.,Co,13.116,-10.96,3.48034
4975.,4945.,Co,13.577,-10.375,3.844745
5013.,4941.,Co,13.338,-10.23,3.51179
5041.,4947.,Co,13.034,-10.393,3.174935
5089.,4941.,We,13.262,-10.535,3.41280485
5117.,4947.,Co,13.204,-10.522,3.31604
5155.,4943.,Co,12.771,-10.96,2.832485
4919.,4953.,Br,13.241,-11.186,3.68813
4947.,4959.,Co,13.071,-10.841,3.3993675
4985.,4955.,Co,13.167,-10.596,3.373429
5023.,4951.,Co,13.326,-10.312,3.476474
5051.,4957.,Co,13.044,-10.417,3.187655
5099.,4951.,We,13.286,-10.598,3.43380325
5127.,4957.,Co,12.924,-10.599,3.03139
5165.,4953.,Op,12.691,-11.153,2.69789
4933.,4965.,Co,13.116,-10.96,3.48034
4971.,4961.,Co,13.354,-10.66,3.590455
5009.,4965.,Co,13.087,-10.668,3.233225
5047.,4961.,Co,13.018,-10.753,3.109045
5075.,4967.,Co,13.262,-10.535,3.41280485
5113.,4963.,Br,13.166,-10.677,3.342487
5141.,4969.,Co,12.873,-10.992,3.09032
4937.,4971.,Co,12.779,-11.005,3.108615
4965.,4977.,We,12.98,-10.971,3.2404645
5003.,4973.,We,13.087,-10.668,3.233225
5031.,4979.,Co,13.107,-10.688,3.21896
5079.,4973.,Br,13.212,-10.798,3.31415
5107.,4979.,Br,13.166,-10.677,3.342487
5145.,4975.,Br,12.873,-10.992,3.09032
4929.,4987.,Co,12.805,-11.121,3.1789775
4967.,4983.,Co,12.98,-10.971,3.2404645
4995.,4989.,Co,12.877,-11.014,3.030665
5033.,4985.,We,13.018,-10.753,3.109045
5071.,4981.,Co,13.212,-10.798,3.31415
5109.,4985.,Op,12.674,-11.019,2.836025
5147.,4981.,Co,12.873,-10.992,3.09032
4925.,4997.,Co,12.509,-11.094,2.87697
4963.,4993.,Co,12.883,-10.934,3.101455
4991.,4999.,Co,12.877,-11.014,3.030665
5039.,4993.,Co,13.063,-11.305,3.074105
5067.,4999.,Co,13.212,-10.798,3.31415
5105.,4995.,Br,12.674,-11.019,2.836025
5143.,4991.,Co,12.226,-11.717,2.37105
4925.,5005.,Co,12.509,-11.094,2.87697
4963.,5001.,Co,12.85,-11.176,3.09241
4991.,5007.,Br,12.838,-11.041,2.952465
5039.,5001.,Br,13.063,-11.305,3.074105
5067.,5007.,Co,12.846,-11.21,2.8241
5105.,5003.,We,12.674,-11.019,2.836025
5133.,5009.,Co,12.358,-11.549,2.521195
4911.,5013.,Co,12.509,-11.094,2.87697
4949.,5017.,Co,12.544,-10.939,2.850555
4987.,5013.,We,12.625,-11.244,2.77896
5015.,5019.,Br,12.575,-11.488,2.582975
5053.,5015.,Op,12.826,-11.213,2.800455
5091.,5011.,Br,12.639,-11.329,2.693105
5129.,5015.,Op,12.176,-11.382,2.2843
4893.,5025.,Co,12.52,-11.874,2.770195
4931.,5021.,Br,12.492,-10.782,2.824025
4969.,5025.,Br,12.85,-11.176,3.09241
5007.,5021.,Co,12.505,-11.393,2.563535
5035.,5027.,We,12.656,-11.668,2.546335
5073.,5023.,Co,12.77,-11.233,2.76318
5101.,5029.,We,12.424,-11.354,2.513565
5149.,5023.,Co,11.833,-11.46,2.0039
4917.,5035.,We,12.008,-10.714,2.387525
4955.,5031.,Co,12.611,-11.163,2.85198
4983.,5037.,Br,12.119,-11.424,2.300605
5021.,5033.,Co,12.733,-11.573,2.690535
5059.,5037.,We,12.498,-11.618,2.29785
5097.,5033.,We,12.001,-11.373,1.87765
5125.,5039.,Co,11.88,-11.417,2.02475
4889.,5045.,Co,12.123,-12.085,2.1736
4927.,5041.,Co,11.994,-10.409,2.38814
4955.,5047.,Co,12.611,-11.163,2.85198
4993.,5043.,Co,11.863,-11.63,1.9356
5021.,5049.,Br,12.277,-11.872,2.21105
5069.,5043.,Op,12.431,-11.56,2.2195
5097.,5049.,Op,12.166,-11.275,2.1361
5135.,5045.,Co,11.833,-11.46,2.0039
4885.,5051.,Co,12.071,-11.81,2.1913
4913.,5057.,Co,11.67,-10.762,1.94775
4951.,5053.,We,12.611,-11.163,2.85198
4989.,5057.,We,11.844,-11.502,1.97235
5027.,5053.,Br,12.136,-11.969,1.991
5055.,5059.,Op,12.077,-11.872,1.7928
5093.,5055.,Op,12.166,-11.275,2.1361
5131.,5051.,Co,11.995,-10.824,2.245345
5161.,5059.,Co,11.617,-10.379,2.03905
4901.,5065.,Co,11.67,-10.762,1.94775
4939.,5069.,Co,12.012,-10.936,2.297045
4977.,5065.,Co,11.684,-11.761,1.94755
5015.,5061.,Br,12.277,-11.872,2.21105
5043.,5067.,We,12.077,-11.872,1.7928
5081.,5063.,Op,11.787,-11.205,1.7065
5119.,5067.,Co,12.172,-10.967,2.33911
5157.,5063.,Co,11.617,-10.379,2.03905
4871.,5077.,We,11.564,-12.031,1.38615
4919.,5071.,We,11.858,-10.751,2.157625
4947.,5077.,Co,11.964,-11.295,2.223925
4985.,5073.,Co,11.818,-11.878,2.0511
5013.,5079.,We,11.861,-11.961,1.89725
5051.,5075.,We,12.087,-11.749,1.7505
5089.,5079.,Co,11.787,-11.205,1.7065
5127.,5075.,Co,11.953,-10.329,2.321025
5161.,5073.,Co,11.899,-10.374,2.31735
4853.,5089.,We,11.652,-12.541,1.4065
4891.,5085.,Co,11.458,-11.529,1.4245
4929.,5089.,Br,11.248,-11.354,1.35155
4967.,5085.,We,11.684,-11.761,1.94755
5005.,5081.,We,11.841,-11.912,1.94905
5033.,5087.,Co,11.677,-11.877,1.6708
5071.,5083.,We,11.787,-11.205,1.7065
5109.,5087.,Co,11.946,-10.52,2.22131
5147.,5083.,Op,11.922,-10.03,2.430215
4839.,5093.,We,10.634,-12.908,0.18435
4867.,5099.,Br,10.965,-12.278,0.44495
4905.,5095.,We,11.499,-11.496,1.48755
4943.,5091.,Co,11.197,-11.432,1.36865
4971.,5097.,Br,11.421,-11.573,1.7041
5019.,5091.,Co,11.747,-11.92,1.7804
5047.,5097.,Co,11.712,-11.692,1.7079
5085.,5093.,Co,11.421,-10.728,1.62585
5113.,5099.,We,11.953,-10.329,2.321025
4803.,5107.,Op,10.414,-13.045,0.12885
4841.,5103.,We,10.814,-12.725,0.3179
4873.,5109.,We,10.631,-12.039,0.23215
4911.,5105.,Br,10.54,-11.986,0.25415
4949.,5109.,Br,11.197,-11.432,1.36865
4987.,5105.,Co,11.469,-11.64,1.75505
5025.,5101.,Co,11.358,-11.277,1.6745
5053.,5107.,Co,11.645,-11.219,1.7503
5091.,5103.,Co,11.434,-10.55,1.7031
4779.,5113.,Op,9.233,-12.136,-0.6868
4813.,5111.,Op,10.415,-12.899,0.1578
4895.,5117.,We,10.711,-12.116,0.29685
4937.,5113.,We,10.99,-11.637,1.07985
4967.,5119.,We,11.466,-11.649,1.72415
5005.,5115.,Co,11.492,-11.567,1.75465
5043.,5111.,Op,11.108,-10.813,1.4894
5071.,5117.,Op,11.596,-10.128,2.107705
4779.,5125.,Op,9.233,-12.136,-0.6868
4817.,5121.,We,10.415,-12.899,0.1578
4937.,5125.,Br,10.99,-11.637,1.07985
4977.,5123.,Co,10.991,-11.34,1.3184
5005.,5129.,Co,11.492,-11.567,1.75465
5043.,5125.,Op,11.108,-10.813,1.4894
5081.,5121.,Co,11.53,-10.113,2.050545
4783.,5135.,Op,8.977,-12.521,-1.1611
4941.,5135.,Co,11.227,-11.544,1.42625
4979.,5139.,Co,10.991,-11.34,1.3184
5017.,5135.,Co,11.604,-10.981,2.00125
5055.,5131.,Co,11.78,-10.557,2.217875
4773.,5141.,Op,8.1013,-11.434,-1.63795
4941.,5147.,We,11.291,-11.633,1.55635
4989.,5141.,Co,11.151,-11.3,1.49945
5017.,5147.,Co,11.604,-10.981,2.00125
5055.,5143.,Co,11.556,-10.262,2.102845
4773.,5155.,Op,8.1013,-11.434,-1.63795
4965.,5155.,Co,11.146,-11.423,1.54235
5003.,5151.,Co,11.354,-11.262,1.752
5031.,5157.,Co,11.825,-10.628,2.27496
5071.,5155.,Co,12.242,-10.102,2.8558
4977.,5165.,Co,11.547,-11.412,1.9586
5015.,5161.,Co,11.598,-11.309,2.0034
5043.,5167.,We,11.684,-11.024,2.09267
4951.,5177.,Br,10.904,-12.277,1.23075
4999.,5171.,Co,11.354,-11.262,1.752
5027.,5177.,We,11.644,-11.301,2.06013
5065.,5173.,Co,11.643,-10.972,2.085935
4973.,5181.,Br,10.511,-12.076,0.83455
5001.,5187.,Co,11.408,-11.756,1.7997
5049.,5181.,We,11.611,-11.019,2.024935
4947.,5195.,Br,11.279,-12.138,1.62915
4981.,5193.,Br,10.685,-11.946,1.0307
5019.,5197.,Co,11.378,-11.747,1.7941
5057.,5193.,Co,11.643,-10.972,2.085935
4967.,5203.,Op,10.375,-12.656,0.69965
4995.,5209.,We,11.408,-11.756,1.7997
5033.,5205.,We,11.127,-11.488,1.5484
5071.,5201.,Co,11.43,-11.152,2.11527
4973.,5217.,Op,10.735,-12.491,1.08435
5011.,5213.,Co,10.834,-12.051,1.2972
5049.,5217.,We,11.309,-11.459,1.83195
4965.,5221.,Op,10.375,-12.656,0.69965
4993.,5227.,We,10.849,-12.271,1.2296
5031.,5223.,Co,10.857,-11.879,1.42605
4943.,5237.,Br,10.017,-12.721,0.4037
4983.,5233.,Op,10.735,-12.492,1.12795
5011.,5239.,Br,10.834,-12.051,1.2972
5059.,5233.,Co,10.952,-11.539,1.6864
4965.,5243.,Op,10.449,-12.611,0.8304
4993.,5249.,Br,10.375,-12.279,0.85405
5031.,5245.,Br,10.912,-11.761,1.5487
5069.,5249.,Co,10.536,-10.813,1.50615
4987.,5255.,Op,10.726,-12.351,1.1565
5025.,5251.,Br,10.174,-11.775,0.8907
5053.,5257.,Op,10.684,-10.602,1.810755
4975.,5263.,Op,10.164,-11.975,0.7521
5003.,5269.,Op,10.109,-12.143,0.66215
5041.,5265.,Op,10.589,-11.211,1.5446
4965.,5275.,Op,10.164,-11.975,0.7521